success,side,trial_id,random_seed,elapsed_seconds,hidden_width,hidden_layers,dropout_probability,batch_size,learning_rate,weight_decay,identity_penalty,smoothness_penalty,odd_component_penalty,maximum_even_log_scale,maximum_odd_log_scale,maximum_total_log_scale,maximum_epochs,patience,score,validation_nll,mean_before,mean_after,width_before,width_after,width_ratio,boundary_fraction,best_epoch
True,0,0,12345,13.528482675552368,8,2,0.0,256,0.001,0.0002,20.0,100.0,30.0,0.02,0.01,0.03,300,35,-2.9165154500547423,-2.9239849405828426,0.49878358840942383,0.4976408779621124,0.011812799610197544,0.011514324694871902,0.9747329231702213,0.0,3
True,0,1,12346,36.80181860923767,24,2,0.0,256,0.001,0.005,50.0,100.0,30.0,0.015,0.015,0.04,300,35,-2.9694993717889284,-2.971909351132349,0.49878358840942383,0.49760136008262634,0.011812799610197544,0.011319104582071304,0.9582067719408317,0.0,49
True,0,2,12347,19.304321765899658,16,1,0.0,256,0.002,0.0002,100.0,100.0,30.0,0.01,0.01,0.04,300,35,-2.9215905791302585,-2.9532297531147798,0.49878358840942383,0.4977375566959381,0.011812799610197544,0.011460881680250168,0.9702087615501765,0.0,11
True,0,3,12348,8.787744760513306,8,3,0.1,512,0.002,0.001,20.0,300.0,10.0,0.02,0.015,0.03,300,35,-2.9086191197933693,-2.9259228097500407,0.49878358840942383,0.49754178524017334,0.011812799610197544,0.011487485840916634,0.9724609085046969,0.0,3
True,0,4,12349,14.130377292633057,32,3,0.1,256,0.002,0.0002,100.0,20.0,30.0,0.01,0.01,0.03,300,35,-2.9326149586182866,-2.932633868549463,0.49878358840942383,0.49761107563972473,0.011812799610197544,0.01146041788160801,0.9701694991689068,0.0,1
True,0,5,12350,52.93671250343323,24,2,0.05,128,0.0003,0.005,20.0,300.0,10.0,0.015,0.02,0.04,300,35,-2.9519659373491125,-2.9697092115610024,0.49878358840942383,0.49754002690315247,0.011812799610197544,0.011314736679196358,0.9578370117638136,0.0,78
True,0,6,12351,31.19428849220276,32,2,0.0,128,0.001,0.005,100.0,300.0,2.0,0.01,0.01,0.04,300,35,-2.9341337551965263,-2.9377810978784047,0.49878358840942383,0.49762558937072754,0.011812799610197544,0.011479426175355911,0.9717786260799816,0.0,1
True,0,7,12352,13.549455404281616,8,3,0.1,128,0.002,0.0002,100.0,20.0,10.0,0.01,0.02,0.03,300,35,-2.9244946138355843,-2.9564988662693548,0.49878358840942383,0.4977390170097351,0.011812799610197544,0.011423010379076004,0.9670028067872201,0.0,6
True,0,8,12353,20.25161337852478,32,1,0.05,512,0.0003,0.001,20.0,20.0,2.0,0.01,0.015,0.03,300,35,-2.9266024535353137,-2.9427295187170395,0.49878358840942383,0.49767550826072693,0.011812799610197544,0.0114434864372015,0.9687361857321926,0.0,40
True,0,9,12354,22.96390962600708,32,2,0.05,512,0.002,0.0002,50.0,300.0,30.0,0.015,0.02,0.04,300,35,-2.974308169457664,-2.9761966081593,0.49878358840942383,0.4976034462451935,0.011812799610197544,0.011261348612606525,0.9533175017110278,0.0,62
True,0,10,12355,37.81605911254883,32,3,0.05,128,0.001,0.001,20.0,300.0,30.0,0.01,0.01,0.02,300,35,-2.9221252532046003,-2.935487586025499,0.49878358840942383,0.49755755066871643,0.011812799610197544,0.011429490521550179,0.9675513763632738,0.0,1
True,0,11,12356,13.432987451553345,32,3,0.0,512,0.002,0.0002,50.0,20.0,30.0,0.01,0.015,0.02,300,35,-2.927970129339554,-2.9378157881187046,0.49878358840942383,0.4975716173648834,0.011812799610197544,0.011451620608568192,0.9694247753667504,0.0,3
True,0,12,12357,47.18409061431885,16,3,0.1,128,0.0003,0.001,100.0,20.0,30.0,0.01,0.02,0.03,300,35,-2.913784027106891,-2.952188328273419,0.49878358840942383,0.49776461720466614,0.011812799610197544,0.01147871371358633,0.9717183133858625,0.0,19
True,0,13,12358,21.372779607772827,8,3,0.05,512,0.0003,0.0002,20.0,100.0,10.0,0.015,0.02,0.02,300,35,-2.922428684217147,-2.9252713641945576,0.49878358840942383,0.49762237071990967,0.011812799610197544,0.011498193256556988,0.9733673333991911,0.0,29
True,0,14,12359,40.5553662776947,8,3,0.0,512,0.0003,0.001,50.0,100.0,10.0,0.015,0.015,0.03,300,35,-2.9371120634139,-2.9519421606123926,0.49878358840942383,0.49755167961120605,0.011812799610197544,0.01143324188888073,0.9678689443788451,0.0,137
True,0,15,12360,41.842867612838745,8,3,0.1,128,0.001,0.001,100.0,300.0,10.0,0.02,0.02,0.02,300,35,-2.933162620333375,-2.939472528843486,0.49878358840942383,0.4975930452346802,0.011812799610197544,0.011449536308646202,0.9692483311714057,0.0018212171801487327,8
True,0,16,12361,14.139091968536377,8,1,0.1,256,0.002,0.001,50.0,20.0,10.0,0.01,0.02,0.02,300,35,-2.919398793835785,-2.940972233433862,0.49878358840942383,0.49769729375839233,0.011812799610197544,0.011478009633719921,0.9716587102528506,0.0,6
True,0,17,12362,13.961366415023804,24,3,0.05,128,0.001,0.001,50.0,300.0,10.0,0.01,0.02,0.03,300,35,-2.942417642158544,-2.9450964093628222,0.49878358840942383,0.49762171506881714,0.011812799610197544,0.011452335864305496,0.9694853245812387,0.0,3
True,0,18,12363,31.380374908447266,16,1,0.1,256,0.0003,0.001,100.0,100.0,30.0,0.015,0.02,0.04,300,35,-2.958054891787812,-2.960167414866724,0.49878358840942383,0.4976194500923157,0.011812799610197544,0.01136176846921444,0.9618184379769088,0.0,103
True,0,19,12364,13.582808256149292,24,3,0.05,128,0.0003,0.005,100.0,300.0,2.0,0.02,0.02,0.02,300,35,-2.9255397418216367,-2.932867104359027,0.49878358840942383,0.49758169054985046,0.011812799610197544,0.011452698148787022,0.969515993389098,0.0,3
True,0,20,12365,19.932254552841187,24,3,0.0,128,0.001,0.005,100.0,300.0,2.0,0.015,0.01,0.02,300,35,-2.9184187816573166,-2.948649586631796,0.49878358840942383,0.497529536485672,0.011812799610197544,0.011429949663579464,0.9675902445439284,0.009864926392472302,2
True,0,21,12366,31.458056688308716,8,3,0.05,256,0.002,0.005,50.0,300.0,30.0,0.01,0.01,0.04,300,35,-2.9416364136829154,-2.946326837648363,0.49878358840942383,0.4976297616958618,0.011812799610197544,0.011470876634120941,0.9710548737505516,0.0,6
True,0,22,12367,12.550294876098633,24,2,0.1,128,0.001,0.0002,50.0,300.0,30.0,0.02,0.02,0.02,300,35,-2.9276764130483786,-2.933156031597732,0.49878358840942383,0.4975890815258026,0.011812799610197544,0.011447962373495102,0.9691150913634824,0.0,1
True,0,23,12368,21.286970853805542,24,3,0.1,256,0.0003,0.0002,100.0,300.0,2.0,0.02,0.01,0.02,300,35,-2.9296865629631754,-2.9317171296555213,0.49878358840942383,0.4976191222667694,0.011812799610197544,0.01147386897355318,0.9713081870658521,0.0,8
True,0,24,12369,18.88862371444702,16,3,0.0,512,0.002,0.0002,50.0,100.0,2.0,0.015,0.015,0.04,300,35,-2.9740990467593527,-2.9747432385013024,0.49878358840942383,0.4976084232330322,0.011812799610197544,0.011231299489736557,0.9507737251414136,0.0,49
True,0,25,12370,20.86795926094055,24,1,0.1,256,0.0003,0.005,50.0,300.0,10.0,0.01,0.01,0.03,300,35,-2.918790439427032,-2.942822570622094,0.49878358840942383,0.4977071285247803,0.011812799610197544,0.0114867789670825,0.9724010688513159,0.0,34
True,0,26,12371,39.85175085067749,16,2,0.1,128,0.0003,0.005,20.0,100.0,2.0,0.02,0.02,0.02,300,35,-2.9268340566350015,-2.930570806284043,0.49878358840942383,0.4976259469985962,0.011812799610197544,0.011481652967631817,0.9719671328141501,0.0,4
True,0,27,12372,12.947627305984497,24,3,0.05,256,0.0003,0.005,50.0,20.0,2.0,0.02,0.02,0.04,300,35,-2.9197988306814016,-2.926865989857268,0.49878358840942383,0.4976392686367035,0.011812799610197544,0.011491209268569946,0.9727761113165773,0.0,5
True,0,28,12373,19.635196685791016,16,1,0.1,512,0.0003,0.005,20.0,300.0,30.0,0.02,0.02,0.03,300,35,-2.930518573485204,-2.932139358244719,0.49878358840942383,0.4976174831390381,0.011812799610197544,0.011455267667770386,0.9697335132885422,0.0,19
True,0,29,12374,10.800862550735474,16,1,0.1,512,0.002,0.005,50.0,100.0,10.0,0.01,0.01,0.03,300,35,-2.9331866128500916,-2.9467581288870726,0.49878358840942383,0.49766528606414795,0.011812799610197544,0.011478941887617111,0.9717376292160051,0.0,13
True,0,30,12375,24.831470012664795,32,1,0.05,256,0.0003,0.001,50.0,100.0,30.0,0.01,0.02,0.03,300,35,-2.9022552512601734,-2.9398772414640244,0.49878358840942383,0.49776148796081543,0.011812799610197544,0.011485876515507698,0.9723246727720983,0.0,21
True,0,31,12376,41.782410621643066,32,2,0.1,512,0.002,0.001,20.0,300.0,10.0,0.015,0.015,0.04,300,35,-2.9713785584538166,-2.978720822152401,0.49878358840942383,0.4975816309452057,0.011812799610197544,0.011256767436861992,0.9529296871458354,0.0,61
True,0,32,12377,11.6843900680542,24,3,0.0,256,0.0003,0.0002,20.0,300.0,10.0,0.02,0.02,0.03,300,35,-2.9175305854869467,-2.9270191833568133,0.49878358840942383,0.4976489543914795,0.011812799610197544,0.011488878168165684,0.9725787744886292,0.0,5
True,0,33,12378,80.85144329071045,8,2,0.05,512,0.0003,0.0002,100.0,300.0,30.0,0.01,0.01,0.04,300,35,-2.9239999560257166,-2.9420492710014488,0.49878358840942383,0.49768319725990295,0.011812799610197544,0.011488622985780239,0.9725571722949186,0.0,93
True,0,34,12379,58.01368570327759,24,3,0.0,128,0.0003,0.0002,50.0,100.0,30.0,0.02,0.01,0.03,300,35,-2.914032287396051,-2.973994801662947,0.49878358840942383,0.4974606931209564,0.011812799610197544,0.011300208978354931,0.9566071846846439,0.02238579450599484,19
True,0,35,12380,37.60792803764343,8,3,0.05,256,0.0003,0.0002,50.0,100.0,2.0,0.01,0.015,0.03,300,35,-2.937840230200507,-2.9406903607585146,0.49878358840942383,0.49762240052223206,0.011812799610197544,0.01145126298069954,0.9693945007595063,0.0,46
True,1,0,112345,8.622529029846191,8,2,0.0,256,0.001,0.0002,20.0,100.0,30.0,0.02,0.01,0.03,300,35,-2.9344614517875733,-2.9375270822235233,0.49848681688308716,0.4975987374782562,0.011781815439462662,0.011556548066437244,0.9808800796292484,0.0,3
True,1,1,112346,11.501121759414673,24,2,0.0,256,0.001,0.005,50.0,100.0,30.0,0.015,0.015,0.04,300,35,-2.947887520588544,-2.9764192355047796,0.49848681688308716,0.4974968731403351,0.011781815439462662,0.01132849883288145,0.9615240444980281,0.0,15
True,1,2,112347,26.93026375770569,16,1,0.0,256,0.002,0.0002,100.0,100.0,30.0,0.01,0.01,0.04,300,35,-2.971490327874714,-2.971598077813685,0.49848681688308716,0.49761056900024414,0.011781815439462662,0.011406425386667252,0.9681381825471431,0.0,71
True,1,3,112348,23.755614280700684,8,3,0.1,512,0.002,0.001,20.0,300.0,10.0,0.02,0.015,0.03,300,35,-2.9181254076869148,-2.937902690401765,0.49848681688308716,0.4975318908691406,0.011781815439462662,0.01151732262223959,0.9775507587449414,0.0,6
True,1,4,112349,25.573630571365356,32,3,0.1,256,0.002,0.0002,100.0,20.0,30.0,0.01,0.01,0.03,300,35,-2.9780179355972796,-2.978118234955654,0.49848681688308716,0.49761059880256653,0.011781815439462662,0.011326991952955723,0.96139614570913,0.0,45
True,1,5,112350,13.407418012619019,24,2,0.05,128,0.0003,0.005,20.0,300.0,10.0,0.015,0.02,0.04,300,35,-2.934469470236655,-2.9412007863262914,0.49848681688308716,0.4975840747356415,0.011781815439462662,0.011499055661261082,0.9760003218812536,0.0,5
True,1,6,112351,24.546942472457886,32,2,0.0,128,0.001,0.005,100.0,300.0,2.0,0.01,0.01,0.04,300,35,-2.975174021045272,-2.975699003497671,0.49848681688308716,0.49760890007019043,0.011781815439462662,0.011365366168320179,0.9646532172157778,0.0,34
True,1,7,112352,15.91918396949768,8,3,0.1,128,0.002,0.0002,100.0,20.0,10.0,0.01,0.02,0.03,300,35,-2.968549190268465,-2.972799134770612,0.49848681688308716,0.4976132810115814,0.011781815439462662,0.011369655840098858,0.9650173098126038,0.0036796916067986683,11
True,1,8,112353,30.49548625946045,32,1,0.05,512,0.0003,0.001,20.0,20.0,2.0,0.01,0.015,0.03,300,35,-2.944876194661034,-2.945506052201158,0.49848681688308716,0.4976135194301605,0.011781815439462662,0.011510130949318409,0.9769403542654167,0.0,20
True,1,9,112354,14.64667558670044,32,2,0.05,512,0.002,0.0002,50.0,300.0,30.0,0.015,0.02,0.04,300,35,-2.955590868032588,-2.9776629295712906,0.49848681688308716,0.4975227117538452,0.011781815439462662,0.01130969263613224,0.9599278391554948,0.0,10
True,1,10,112355,17.801595211029053,32,3,0.05,128,0.001,0.001,20.0,300.0,30.0,0.01,0.01,0.02,300,35,-2.92577071144753,-2.96751215192009,0.49848681688308716,0.49759823083877563,0.011781815439462662,0.011418338865041733,0.9691493576445375,0.03854915016646224,6
True,1,11,112356,9.694554805755615,32,3,0.0,512,0.002,0.0002,50.0,20.0,30.0,0.01,0.015,0.02,300,35,-2.946542205843739,-2.9532851935609687,0.49848681688308716,0.49759629368782043,0.011781815439462662,0.011412829160690308,0.9686817128762303,0.0030664096723322237,4
True,1,12,112357,64.67933964729309,16,3,0.1,128,0.0003,0.001,100.0,20.0,30.0,0.01,0.02,0.03,300,35,-2.96914907434262,-2.9730927085492853,0.49848681688308716,0.4976085424423218,0.011781815439462662,0.011349711567163467,0.9633245084749943,0.003329244787103557,72
True,1,13,112358,21.69341540336609,8,3,0.05,512,0.0003,0.0002,20.0,100.0,10.0,0.015,0.02,0.02,300,35,-2.9350092355568753,-2.938425610240249,0.49848681688308716,0.4976246654987335,0.011781815439462662,0.011534781195223331,0.9790325824140904,0.0,28
True,1,14,112359,17.422443866729736,8,3,0.0,512,0.0003,0.001,50.0,100.0,10.0,0.015,0.015,0.03,300,35,-2.938006573087413,-2.9380919712845937,0.49848681688308716,0.4976106584072113,0.011781815439462662,0.011540606617927551,0.9795270242710481,0.0,48
True,1,15,112360,13.926915407180786,8,3,0.1,128,0.001,0.001,100.0,300.0,10.0,0.02,0.02,0.02,300,35,-2.947343764673106,-2.948424517105164,0.49848681688308716,0.49761462211608887,0.011781815439462662,0.011464833281934261,0.9730956439474784,0.00017522340984755565,8
True,1,16,112361,9.795572757720947,8,1,0.1,256,0.002,0.001,50.0,20.0,10.0,0.01,0.02,0.02,300,35,-2.9485300719482974,-2.953261941967637,0.49848681688308716,0.49760714173316956,0.011781815439462662,0.01143095176666975,0.9702198973837505,0.003767303311722446,8
True,1,17,112362,29.71268653869629,24,3,0.05,128,0.001,0.001,50.0,300.0,10.0,0.01,0.02,0.03,300,35,-2.9506325565443623,-2.978007020221545,0.49848681688308716,0.49757614731788635,0.011781815439462662,0.0113360695540905,0.9621666212934251,0.018661293148764677,17
True,1,18,112363,30.485074520111084,16,1,0.1,256,0.0003,0.001,100.0,100.0,30.0,0.015,0.02,0.04,300,35,-2.9583898437499028,-2.958795616912751,0.49848681688308716,0.49760937690734863,0.011781815439462662,0.011381685733795166,0.9660383658423913,0.0,48
True,1,19,112364,24.38811683654785,24,3,0.05,128,0.0003,0.005,100.0,300.0,2.0,0.02,0.02,0.02,300,35,-2.951068804968099,-2.953912804707619,0.49848681688308716,0.4976094365119934,0.011781815439462662,0.011412154883146286,0.9686244825158087,0.0024531277378657787,9
True,1,20,112365,11.909815073013306,24,3,0.0,128,0.001,0.005,100.0,300.0,2.0,0.015,0.01,0.02,300,35,-2.9426156422642875,-2.948087810233044,0.49848681688308716,0.497589111328125,0.011781815439462662,0.011484812013804913,0.9747913700410762,0.0,2
True,1,21,112366,13.517820119857788,8,3,0.05,256,0.002,0.005,50.0,300.0,30.0,0.01,0.01,0.04,300,35,-2.9669827826973227,-2.9674332593437525,0.49848681688308716,0.4976091980934143,0.011781815439462662,0.011378955096006393,0.9658065986921756,0.0,18
True,1,22,112367,11.409806251525879,24,2,0.1,128,0.001,0.0002,50.0,300.0,30.0,0.02,0.02,0.02,300,35,-2.938277872800545,-2.942513244390212,0.49848681688308716,0.49759405851364136,0.011781815439462662,0.011508348397910595,0.9767890574286114,0.0,1
True,1,23,112368,33.36130666732788,24,3,0.1,256,0.0003,0.0002,100.0,300.0,2.0,0.02,0.01,0.02,300,35,-2.9539317704174546,-2.9563495892284393,0.49848681688308716,0.4976119101047516,0.011781815439462662,0.011389398016035557,0.9666929578515786,0.0021902926230944453,21
True,1,24,112369,16.111613512039185,16,3,0.0,512,0.002,0.0002,50.0,100.0,2.0,0.015,0.015,0.04,300,35,-2.9404849304814413,-2.982420239891543,0.49848681688308716,0.4974432587623596,0.011781815439462662,0.01129055768251419,0.9583037300598832,0.0,29
True,1,25,112370,29.88768696784973,24,1,0.1,256,0.0003,0.005,50.0,300.0,10.0,0.01,0.01,0.03,300,35,-2.9671650638440776,-2.967213776097642,0.49848681688308716,0.4976111948490143,0.011781815439462662,0.011400585062801838,0.9676424759308392,0.0,102
True,1,26,112371,20.812348127365112,16,2,0.1,128,0.0003,0.005,20.0,100.0,2.0,0.02,0.02,0.02,300,35,-2.934673475483829,-2.940935404995859,0.49848681688308716,0.4975859522819519,0.011781815439462662,0.011517465114593506,0.9775628530061907,0.0,5
True,1,27,112372,26.740978717803955,24,3,0.05,256,0.0003,0.005,50.0,20.0,2.0,0.02,0.02,0.04,300,35,-2.9348251942793544,-2.940453824440646,0.49848681688308716,0.49758848547935486,0.011781815439462662,0.011516221798956394,0.9774573246482309,0.0,9
True,1,28,112373,11.382466554641724,16,1,0.1,512,0.0003,0.005,20.0,300.0,30.0,0.02,0.02,0.03,300,35,-2.9411171891215515,-2.9424393836978213,0.49848681688308716,0.49760571122169495,0.011781815439462662,0.011501437984406948,0.9762025252817489,0.0,23
True,1,29,112374,13.95919418334961,16,1,0.1,512,0.002,0.005,50.0,100.0,10.0,0.01,0.01,0.03,300,35,-2.968480644004229,-2.969512265937219,0.49848681688308716,0.49760687351226807,0.011781815439462662,0.011398586444556713,0.9674728400835121,0.0,39
True,1,30,112375,17.557656049728394,32,1,0.05,256,0.0003,0.001,50.0,100.0,30.0,0.01,0.02,0.03,300,35,-2.960434720438964,-2.961273194235802,0.49848681688308716,0.4976143538951874,0.011781815439462662,0.011365709826350212,0.9646823857282025,0.0,45
True,1,31,112376,15.630363941192627,32,2,0.1,512,0.002,0.001,20.0,300.0,10.0,0.015,0.015,0.04,300,35,-2.9542351020835564,-2.978840361025213,0.49848681688308716,0.4975125789642334,0.011781815439462662,0.011301078833639622,0.9591967292058544,0.0,12
True,1,32,112377,12.056623697280884,24,3,0.0,256,0.0003,0.0002,20.0,300.0,10.0,0.02,0.02,0.03,300,35,-2.930615458455991,-2.9387331494960236,0.49848681688308716,0.49764347076416016,0.011781815439462662,0.011534911580383778,0.9790436490583708,0.0,5
True,1,33,112378,23.596490144729614,8,2,0.05,512,0.0003,0.0002,100.0,300.0,30.0,0.01,0.01,0.04,300,35,-2.9166629242458204,-2.9446140608348643,0.49848681688308716,0.4977228045463562,0.011781815439462662,0.011521616950631142,0.9779152465790631,0.0,79
True,1,34,112379,12.102227449417114,24,3,0.0,128,0.0003,0.0002,50.0,100.0,30.0,0.02,0.01,0.03,300,35,-2.9324520467623025,-2.94007743252357,0.49848681688308716,0.49758049845695496,0.011781815439462662,0.011524812318384647,0.9781864584113927,0.0,4
True,1,35,112380,11.664289236068726,8,3,0.05,256,0.0003,0.0002,50.0,100.0,2.0,0.01,0.015,0.03,300,35,-2.938121182545481,-2.9395482522094762,0.49848681688308716,0.497616708278656,0.011781815439462662,0.011507384479045868,0.9767072433083954,0.0,20
